<?xml version="1.0" encoding="UTF-8" standalone="yes"?>
<portlet-app version="1.0" xmlns="http://java.sun.com/xml/ns/portlet/portlet-app_1_0.xsd" xmlns:xsi="http://www.w3.org/2001/XMLSchema-instance" xsi:schemaLocation="http://java.sun.com/xml/ns/portlet/portlet-app_1_0.xsd http://java.sun.com/xml/ns/portlet/portlet-app_1_0.xsd ">
	<portlet>
		<portlet-name>HomePage</portlet-name>
		<portlet-class>com.webmethods.caf.faces.portlet.FacesPortlet</portlet-class>
		<init-param>
			<name>ANNOTATED_PORTLET_ACTIONS</name>
			<value>true</value>
		</init-param>
		<init-param>
			<name>com.webmethods.caf.faces.portlet.INIT_VIEW</name>
			<value>/HomePage/default.view</value>
		</init-param>
		<init-param>
			<name>com.webmethods.caf.faces.portlet.INIT_EDIT</name>
			<value>/HomePage/edit.view</value>
		</init-param>
		<init-param>
			<name>com.webmethods.caf.faces.portlet.INIT_HELP</name>
			<value>/HomePage/help.view</value>
		</init-param>
		<supports>
			<mime-type>text/html</mime-type>
			<portlet-mode>view</portlet-mode>
			<portlet-mode>edit</portlet-mode>
			<portlet-mode>help</portlet-mode>
		</supports>
		<supported-locale>en</supported-locale>
		<resource-bundle>caf.war.Notifications2Citizens.homepage.HomePageResources</resource-bundle>
		<portlet-info>
			<title>HomePage</title>
		</portlet-info>
	</portlet>
	<portlet>
		<portlet-name>ViewNotifications</portlet-name>
		<portlet-class>com.webmethods.caf.faces.portlet.FacesPortlet</portlet-class>
		<init-param>
			<name>ANNOTATED_PORTLET_ACTIONS</name>
			<value>true</value>
		</init-param>
		<init-param>
			<name>com.webmethods.caf.faces.portlet.INIT_VIEW</name>
			<value>/ViewNotifications/default.view</value>
		</init-param>
		<init-param>
			<name>com.webmethods.caf.faces.portlet.INIT_EDIT</name>
			<value>/ViewNotifications/edit.view</value>
		</init-param>
		<init-param>
			<name>com.webmethods.caf.faces.portlet.INIT_HELP</name>
			<value>/ViewNotifications/help.view</value>
		</init-param>
		<supports>
			<mime-type>text/html</mime-type>
			<portlet-mode>view</portlet-mode>
			<portlet-mode>edit</portlet-mode>
			<portlet-mode>help</portlet-mode>
		</supports>
		<supported-locale>en</supported-locale>
		<resource-bundle>caf.war.Notifications2Citizens.viewnotifications.ViewNotificationsResources</resource-bundle>
		<portlet-info>
			<title>ViewNotifications</title>
		</portlet-info>
	</portlet>
	<portlet>
		<portlet-name>PublishNotifications</portlet-name>
		<portlet-class>com.webmethods.caf.faces.portlet.FacesPortlet</portlet-class>
		<init-param>
			<name>ANNOTATED_PORTLET_ACTIONS</name>
			<value>true</value>
		</init-param>
		<init-param>
			<name>com.webmethods.caf.faces.portlet.INIT_VIEW</name>
			<value>/PublishNotifications/default.view</value>
		</init-param>
		<init-param>
			<name>com.webmethods.caf.faces.portlet.INIT_EDIT</name>
			<value>/PublishNotifications/edit.view</value>
		</init-param>
		<init-param>
			<name>com.webmethods.caf.faces.portlet.INIT_HELP</name>
			<value>/PublishNotifications/help.view</value>
		</init-param>
		<supports>
			<mime-type>text/html</mime-type>
			<portlet-mode>view</portlet-mode>
			<portlet-mode>edit</portlet-mode>
			<portlet-mode>help</portlet-mode>
		</supports>
		<supported-locale>en</supported-locale>
		<resource-bundle>caf.war.Notifications2Citizens.publishnotifications.PublishNotificationsResources</resource-bundle>
		<portlet-info>
			<title>PublishNotifications</title>
		</portlet-info>
	</portlet>
	<portlet>
		<portlet-name>PostComplaints</portlet-name>
		<portlet-class>com.webmethods.caf.faces.portlet.FacesPortlet</portlet-class>
		<init-param>
			<name>ANNOTATED_PORTLET_ACTIONS</name>
			<value>true</value>
		</init-param>
		<init-param>
			<name>com.webmethods.caf.faces.portlet.INIT_VIEW</name>
			<value>/PostComplaints/default.view</value>
		</init-param>
		<init-param>
			<name>com.webmethods.caf.faces.portlet.INIT_EDIT</name>
			<value>/PostComplaints/edit.view</value>
		</init-param>
		<init-param>
			<name>com.webmethods.caf.faces.portlet.INIT_HELP</name>
			<value>/PostComplaints/help.view</value>
		</init-param>
		<supports>
			<mime-type>text/html</mime-type>
			<portlet-mode>view</portlet-mode>
			<portlet-mode>edit</portlet-mode>
			<portlet-mode>help</portlet-mode>
		</supports>
		<supported-locale>en</supported-locale>
		<resource-bundle>caf.war.Notifications2Citizens.postcomplaints.PostComplaintsResources</resource-bundle>
		<portlet-info>
			<title>PostComplaints</title>
		</portlet-info>
	</portlet>
	<portlet>
		<portlet-name>ShellPortletHeader</portlet-name>
		<portlet-class>com.webmethods.caf.faces.portlet.FacesPortlet</portlet-class>
		<init-param>
			<name>ANNOTATED_PORTLET_ACTIONS</name>
			<value>true</value>
		</init-param>
		<init-param>
			<name>com.webmethods.caf.faces.portlet.INIT_VIEW</name>
			<value>/ShellPortletHeader/default.view</value>
		</init-param>
		<init-param>
			<name>com.webmethods.caf.faces.portlet.INIT_EDIT</name>
			<value>/ShellPortletHeader/edit.view</value>
		</init-param>
		<init-param>
			<name>com.webmethods.caf.faces.portlet.INIT_HELP</name>
			<value>/ShellPortletHeader/help.view</value>
		</init-param>
		<supports>
			<mime-type>text/html</mime-type>
			<portlet-mode>view</portlet-mode>
			<portlet-mode>edit</portlet-mode>
			<portlet-mode>help</portlet-mode>
		</supports>
		<supported-locale>en</supported-locale>
		<resource-bundle>caf.war.Notifications2Citizens.shellportletheader.ShellPortletHeaderResources</resource-bundle>
		<portlet-info>
			<title>ShellPortletHeader</title>
		</portlet-info>
		<security-role-ref>
			<role-name>NotifyAdminRole</role-name>
			<role-link>NotifyAdminRole</role-link>
		</security-role-ref></portlet>
	<portlet>
		<portlet-name>ViewComplaints</portlet-name>
		<portlet-class>com.webmethods.caf.faces.portlet.FacesPortlet</portlet-class>
		<init-param>
			<name>ANNOTATED_PORTLET_ACTIONS</name>
			<value>true</value>
		</init-param>
		<init-param>
			<name>com.webmethods.caf.faces.portlet.INIT_VIEW</name>
			<value>/ViewComplaints/default.view</value>
		</init-param>
		<init-param>
			<name>com.webmethods.caf.faces.portlet.INIT_EDIT</name>
			<value>/ViewComplaints/edit.view</value>
		</init-param>
		<init-param>
			<name>com.webmethods.caf.faces.portlet.INIT_HELP</name>
			<value>/ViewComplaints/help.view</value>
		</init-param>
		<supports>
			<mime-type>text/html</mime-type>
			<portlet-mode>view</portlet-mode>
			<portlet-mode>edit</portlet-mode>
			<portlet-mode>help</portlet-mode>
		</supports>
		<supported-locale>en</supported-locale>
		<resource-bundle>caf.war.Notifications2Citizens.viewcomplaints.ViewComplaintsResources</resource-bundle>
		<portlet-info>
			<title>ViewComplaints</title>
		</portlet-info>
	</portlet>
	<user-attribute>
		<name>user.default.time_zone</name>
	</user-attribute>
	<user-attribute>
		<name>user.default.time.format</name>
	</user-attribute>
	<user-attribute>
		<name>user.default.date.format</name>
	</user-attribute>
	<user-attribute>
		<name>user.default.number.format</name>
	</user-attribute>
</portlet-app>