<?xml version="1.0" encoding="UTF-8" standalone="yes"?>
<wm-portlet-app version="1.0" xmlns:xsi="http://www.w3.org/2001/XMLSchema-instance"
    xsi:noNamespaceSchemaLocation="http://www.webmethods.com/schema/wm-portlet-app.xsd">
	<wm-portlet>
		<portlet-name>HomePage</portlet-name>
		<category>Notifications2Citizens</category>
	</wm-portlet>
	<wm-portlet>
		<portlet-name>ViewNotifications</portlet-name>
		<category>Notifications2Citizens</category>
	</wm-portlet>
	<wm-portlet>
		<portlet-name>PublishNotifications</portlet-name>
		<category>Notifications2Citizens</category>
	</wm-portlet>
	<wm-portlet>
		<portlet-name>PostComplaints</portlet-name>
		<category>Notifications2Citizens</category>
	</wm-portlet>
	<wm-portlet>
		<portlet-name>ShellPortletHeader</portlet-name>
		<category>Notifications2Citizens</category>
	</wm-portlet>
	<wm-portlet>
		<portlet-name>ViewComplaints</portlet-name>
		<category>Notifications2Citizens</category>
	</wm-portlet></wm-portlet-app>

