<?xml version="1.0" encoding="UTF-8"?>
<wsclients>
<webservice authenticationMethod="1" isConnectionURL="http://hscsrv164:5599/ws/TekathonxZeron.ws:lookupValues?WSDL" isService="TekathonxZeron.ws:lookupValues" name="lookupValues" package="caf.war.Notifications2Citizens.wsclient.tekathonxzeron.ws.lookupvalues" password="{AES}Y5IgMqjfvkgbg7p5VUZztw==" requiresAuth="true" soapLibrary="wss" useNamespaceForPackage="false" username="Administrator" wsdlFile="src/caf/war/Notifications2Citizens/wsclient/tekathonxzeron/ws/lookupvalues/lookupValues.wsdl" wsdlURL="http://hscsrv164:5599/ws/TekathonxZeron.ws:lookupValues?WSDL">
<wsproxy className="caf.war.Notifications2Citizens.wsclient.tekathonxzeron.ws.lookupvalues.TekathonxZeronWsLookupValuesStub">
<wsclient managedBean="GetLookupValues" operation="getLookupValues"/>
<wsclient managedBean="GetLookupValues6" operation="getLookupValues"/>
<wsclient managedBean="GetLookupValues4" operation="getLookupValues"/>
<wsclient managedBean="GetLookupValues5" operation="getLookupValues"/>
<wsclient managedBean="GetLookupValues2" operation="getLookupValues"/>
<wsclient managedBean="GetLookupValues3" operation="getLookupValues"/>
</wsproxy>
<generatedfile>caf\war\Notifications2Citizens\wsclient\tekathonxzeron\ws\lookupvalues\TekathonxZeronWsLookupValuesStub.java</generatedfile>
</webservice>
<webservice authenticationMethod="1" isConnectionURL="http://hscsrv164:5599/ws/TekathonxZeron.ws:registerUserComplaint?WSDL" isService="TekathonxZeron.ws:registerUserComplaint" name="registerUserComplaint" package="caf.war.Notifications2Citizens.wsclient.tekathonxzeron.ws.registerusercomplaint" password="{AES}Y5IgMqjfvkgbg7p5VUZztw==" requiresAuth="true" soapLibrary="wss" useNamespaceForPackage="false" username="Administrator" wsdlFile="src/caf/war/Notifications2Citizens/wsclient/tekathonxzeron/ws/registerusercomplaint/registerUserComplaint.wsdl" wsdlURL="http://hscsrv164:5599/ws/TekathonxZeron.ws:registerUserComplaint?WSDL">
<wsproxy className="caf.war.Notifications2Citizens.wsclient.tekathonxzeron.ws.registerusercomplaint.TekathonxZeronWsRegisterUserComplaintStub">
<wsclient managedBean="RegisterUserComplaint" operation="registerUserComplaint"/>
</wsproxy>
<generatedfile>caf\war\Notifications2Citizens\wsclient\tekathonxzeron\ws\registerusercomplaint\TekathonxZeronWsRegisterUserComplaintStub.java</generatedfile>
</webservice>
<webservice authenticationMethod="-1" isConnectionURL="http://hscsrv164:5599/ws/TekathonxZeron.ws:getActiveNotification?WSDL" isService="TekathonxZeron.ws:getActiveNotification" name="getActiveNotification" package="caf.war.Notifications2Citizens.wsclient.tekathonxzeron.ws.getactivenotification" password="{AES}Y5IgMqjfvkgbg7p5VUZztw==" requiresAuth="true" soapLibrary="wss" useNamespaceForPackage="false" username="Administrator" wsdlFile="src/caf/war/Notifications2Citizens/wsclient/tekathonxzeron/ws/getactivenotification/getActiveNotification.wsdl" wsdlURL="http://hscsrv164:5599/ws/TekathonxZeron.ws:getActiveNotification?WSDL">
<wsproxy className="caf.war.Notifications2Citizens.wsclient.tekathonxzeron.ws.getactivenotification.TekathonxZeronWsGetActiveNotificationStub">
<wsclient managedBean="GetActiveNotification" operation="getActiveNotification"/>
</wsproxy>
<generatedfile>caf\war\Notifications2Citizens\wsclient\tekathonxzeron\ws\getactivenotification\TekathonxZeronWsGetActiveNotificationStub.java</generatedfile>
</webservice>
<webservice authenticationMethod="1" isConnectionURL="http://hscsrv164:5599/ws/TekathonxZeron.ws:registerIncident?WSDL" isService="TekathonxZeron.ws:registerIncident" name="registerIncident" package="caf.war.Notifications2Citizens.wsclient.tekathonxzeron.ws.registerincident" password="{AES}Y5IgMqjfvkgbg7p5VUZztw==" requiresAuth="true" soapLibrary="wss" useNamespaceForPackage="false" username="Administrator" wsdlFile="src/caf/war/Notifications2Citizens/wsclient/tekathonxzeron/ws/registerincident/registerIncident.wsdl" wsdlURL="http://hscsrv164:5599/ws/TekathonxZeron.ws:registerIncident?WSDL">
<wsproxy className="caf.war.Notifications2Citizens.wsclient.tekathonxzeron.ws.registerincident.TekathonxZeronWsRegisterIncidentStub">
<wsclient managedBean="RegisterIncident" operation="registerIncident"/>
</wsproxy>
<generatedfile>caf\war\Notifications2Citizens\wsclient\tekathonxzeron\ws\registerincident\TekathonxZeronWsRegisterIncidentStub.java</generatedfile>
</webservice>
</wsclients>