<?xml version="1.0" encoding="UTF-8"?>

<FLOW VERSION="3.0" CLEANUP="true">

  <!-- nodes -->

<INVOKE TIMEOUT="" SERVICE="pub.flow:savePipelineToFile" VALIDATE-IN="$none" VALIDATE-OUT="$none" DISABLED="true">
  <COMMENT></COMMENT>

  <!-- nodes -->

<MAP MODE="INPUT">
  <MAPTARGET>

<Values version="2.0">
  <record name="xml" javaclass="com.wm.util.Values">
    <value name="node_type">record</value>
    <value name="is_public">false</value>
    <value name="field_name">savePipelineToFileInput</value>
    <value name="field_type">record</value>
    <value name="field_dim">0</value>
    <value name="wrapper_type">IData</value>
    <value name="nillable">true</value>
    <value name="form_qualified">false</value>
    <value name="is_global">false</value>
    <array name="rec_fields" type="record" depth="1">
      <record javaclass="com.wm.util.Values">
        <value name="node_type">field</value>
        <value name="is_public">false</value>
        <value name="field_name">fileName</value>
        <value name="field_type">string</value>
        <value name="field_dim">0</value>
        <value name="nillable">true</value>
        <value name="form_qualified">false</value>
        <value name="is_global">false</value>
      </record>
    </array>
    <value name="modifiable">true</value>
  </record>
</Values>
</MAPTARGET>
  <MAPSOURCE>

<Values version="2.0">
  <record name="xml" javaclass="com.wm.util.Values">
    <value name="node_type">record</value>
    <value name="is_public">false</value>
    <value name="field_type">record</value>
    <value name="field_dim">0</value>
    <value name="wrapper_type">IData</value>
    <value name="nillable">true</value>
    <value name="form_qualified">false</value>
    <value name="is_global">false</value>
    <array name="rec_fields" type="record" depth="1">
    </array>
    <value name="modifiable">true</value>
  </record>
</Values>
</MAPSOURCE>

  <!-- nodes -->

<MAPSET NAME="Setter" OVERWRITE="true" VARIABLES="false" GLOBALVARIABLES="false" FIELD="/fileName;1;0">
  <DATA ENCODING="XMLValues" I18N="true">

<Values version="2.0">
  <value name="xml">activeNotif</value>
  <record name="type" javaclass="com.wm.util.Values">
    <value name="node_type">field</value>
    <value name="is_public">false</value>
    <value name="field_name">fileName</value>
    <value name="field_type">string</value>
    <value name="field_dim">0</value>
    <value name="nillable">true</value>
    <value name="form_qualified">false</value>
    <value name="is_global">false</value>
  </record>
</Values>
</DATA>
</MAPSET>
</MAP>
</INVOKE>

<INVOKE TIMEOUT="" SERVICE="TekathonxZeron.adapters:getNotification" VALIDATE-IN="$none" VALIDATE-OUT="$none">
  <COMMENT></COMMENT>

  <!-- nodes -->

<MAP MODE="INPUT">
</MAP>

<MAP MODE="OUTPUT">
  <MAPTARGET>

<Values version="2.0">
  <record name="xml" javaclass="com.wm.util.Values">
    <value name="node_type">record</value>
    <value name="is_public">false</value>
    <value name="field_type">record</value>
    <value name="field_dim">0</value>
    <value name="wrapper_type">IData</value>
    <value name="nillable">true</value>
    <value name="form_qualified">false</value>
    <value name="is_global">false</value>
    <array name="rec_fields" type="record" depth="1">
      <record javaclass="com.wm.util.Values">
        <value name="node_type">record</value>
        <value name="node_comment"></value>
        <record name="node_hints" javaclass="com.wm.util.Values">
          <value name="field_largerEditor">false</value>
          <value name="field_password">false</value>
        </record>
        <value name="is_public">false</value>
        <value name="field_name">activeNotificationRequest</value>
        <value name="field_type">recref</value>
        <value name="field_dim">0</value>
        <value name="wrapper_type">IData</value>
        <value name="nillable">true</value>
        <value name="form_qualified">false</value>
        <value name="is_global">false</value>
        <value name="rec_closed">true</value>
        <value name="modifiable">true</value>
        <value name="rec_ref">TekathonxZeron.doc:activeNotificationRequest</value>
      </record>
      <record javaclass="com.wm.util.Values">
        <value name="node_type">record</value>
        <value name="is_public">false</value>
        <value name="field_name">getNotificationOutput</value>
        <value name="field_type">record</value>
        <value name="field_dim">0</value>
        <value name="wrapper_type">IData</value>
        <value name="nillable">true</value>
        <value name="form_qualified">false</value>
        <value name="is_global">false</value>
        <array name="rec_fields" type="record" depth="1">
          <record javaclass="com.wm.util.Values">
            <value name="node_type">record</value>
            <value name="is_public">false</value>
            <value name="field_name">results</value>
            <value name="field_type">record</value>
            <value name="field_dim">1</value>
            <value name="nillable">true</value>
            <value name="form_qualified">false</value>
            <value name="is_global">false</value>
            <value name="is_soap_array_encoding_used">false</value>
            <array name="rec_fields" type="record" depth="1">
            </array>
            <value name="modifiable">true</value>
          </record>
        </array>
        <value name="modifiable">true</value>
      </record>
      <record javaclass="com.wm.util.Values">
        <value name="node_type">record</value>
        <value name="is_public">false</value>
        <value name="field_name">activeNotificationResponse</value>
        <value name="field_type">recref</value>
        <value name="field_dim">0</value>
        <value name="nillable">true</value>
        <value name="form_qualified">false</value>
        <value name="is_global">false</value>
        <value name="modifiable">true</value>
        <value name="rec_ref">TekathonxZeron.doc:activeNotificationResponse</value>
      </record>
    </array>
    <value name="modifiable">true</value>
  </record>
</Values>
</MAPTARGET>
  <MAPSOURCE>

<Values version="2.0">
  <record name="xml" javaclass="com.wm.util.Values">
    <value name="node_type">record</value>
    <value name="is_public">false</value>
    <value name="field_name">getNotificationOutput</value>
    <value name="field_type">record</value>
    <value name="field_dim">0</value>
    <value name="wrapper_type">IData</value>
    <value name="nillable">true</value>
    <value name="form_qualified">false</value>
    <value name="is_global">false</value>
    <array name="rec_fields" type="record" depth="1">
      <record javaclass="com.wm.util.Values">
        <value name="node_type">record</value>
        <value name="is_public">false</value>
        <value name="field_name">getNotificationOutput</value>
        <value name="field_type">record</value>
        <value name="field_dim">0</value>
        <value name="wrapper_type">IData</value>
        <value name="nillable">true</value>
        <value name="form_qualified">false</value>
        <value name="is_global">false</value>
        <array name="rec_fields" type="record" depth="1">
          <record javaclass="com.wm.util.Values">
            <value name="node_type">record</value>
            <value name="is_public">false</value>
            <value name="field_name">results</value>
            <value name="field_type">record</value>
            <value name="field_dim">1</value>
            <value name="wrapper_type">IData</value>
            <value name="nillable">true</value>
            <value name="form_qualified">false</value>
            <value name="is_global">false</value>
            <value name="is_soap_array_encoding_used">false</value>
            <array name="rec_fields" type="record" depth="1">
              <record javaclass="com.wm.util.Values">
                <value name="node_type">unknown</value>
                <value name="is_public">false</value>
                <value name="field_name">PK_WORK_ID</value>
                <value name="field_type">string</value>
                <value name="field_dim">0</value>
                <value name="nillable">true</value>
                <value name="form_qualified">false</value>
                <value name="is_global">false</value>
              </record>
              <record javaclass="com.wm.util.Values">
                <value name="node_type">unknown</value>
                <value name="is_public">false</value>
                <value name="field_name">MSGTYPE</value>
                <value name="field_type">string</value>
                <value name="field_dim">0</value>
                <value name="nillable">true</value>
                <value name="form_qualified">false</value>
                <value name="is_global">false</value>
              </record>
              <record javaclass="com.wm.util.Values">
                <value name="node_type">unknown</value>
                <value name="is_public">false</value>
                <value name="field_name">MSGDESC</value>
                <value name="field_type">string</value>
                <value name="field_dim">0</value>
                <value name="nillable">true</value>
                <value name="form_qualified">false</value>
                <value name="is_global">false</value>
              </record>
              <record javaclass="com.wm.util.Values">
                <value name="node_type">unknown</value>
                <value name="is_public">false</value>
                <value name="field_name">STARTDATE</value>
                <value name="field_type">string</value>
                <value name="field_dim">0</value>
                <value name="nillable">true</value>
                <value name="form_qualified">false</value>
                <value name="is_global">false</value>
              </record>
              <record javaclass="com.wm.util.Values">
                <value name="node_type">unknown</value>
                <value name="is_public">false</value>
                <value name="field_name">ENDDATE</value>
                <value name="field_type">string</value>
                <value name="field_dim">0</value>
                <value name="nillable">true</value>
                <value name="form_qualified">false</value>
                <value name="is_global">false</value>
              </record>
              <record javaclass="com.wm.util.Values">
                <value name="node_type">unknown</value>
                <value name="is_public">false</value>
                <value name="field_name">TYPEOFWORK</value>
                <value name="field_type">string</value>
                <value name="field_dim">0</value>
                <value name="nillable">true</value>
                <value name="form_qualified">false</value>
                <value name="is_global">false</value>
              </record>
              <record javaclass="com.wm.util.Values">
                <value name="node_type">unknown</value>
                <value name="is_public">false</value>
                <value name="field_name">LANDMARK</value>
                <value name="field_type">string</value>
                <value name="field_dim">0</value>
                <value name="nillable">true</value>
                <value name="form_qualified">false</value>
                <value name="is_global">false</value>
              </record>
              <record javaclass="com.wm.util.Values">
                <value name="node_type">unknown</value>
                <value name="is_public">false</value>
                <value name="field_name">WORKSTATUS</value>
                <value name="field_type">string</value>
                <value name="field_dim">0</value>
                <value name="nillable">true</value>
                <value name="form_qualified">false</value>
                <value name="is_global">false</value>
              </record>
              <record javaclass="com.wm.util.Values">
                <value name="node_type">unknown</value>
                <value name="is_public">false</value>
                <value name="field_name">CREATED_BY</value>
                <value name="field_type">string</value>
                <value name="field_dim">0</value>
                <value name="nillable">true</value>
                <value name="form_qualified">false</value>
                <value name="is_global">false</value>
              </record>
              <record javaclass="com.wm.util.Values">
                <value name="node_type">unknown</value>
                <value name="is_public">false</value>
                <value name="field_name">CREATEDDATE</value>
                <value name="field_type">string</value>
                <value name="field_dim">0</value>
                <value name="nillable">true</value>
                <value name="form_qualified">false</value>
                <value name="is_global">false</value>
              </record>
              <record javaclass="com.wm.util.Values">
                <value name="node_type">unknown</value>
                <value name="is_public">false</value>
                <value name="field_name">UPDATEDDATE</value>
                <value name="field_type">string</value>
                <value name="field_dim">0</value>
                <value name="nillable">true</value>
                <value name="form_qualified">false</value>
                <value name="is_global">false</value>
              </record>
              <record javaclass="com.wm.util.Values">
                <value name="node_type">unknown</value>
                <value name="is_public">false</value>
                <value name="field_name">PINCODE</value>
                <value name="field_type">string</value>
                <value name="field_dim">0</value>
                <value name="nillable">true</value>
                <value name="form_qualified">false</value>
                <value name="is_global">false</value>
              </record>
              <record javaclass="com.wm.util.Values">
                <value name="node_type">unknown</value>
                <value name="is_public">false</value>
                <value name="field_name">DIVISION</value>
                <value name="field_type">string</value>
                <value name="field_dim">0</value>
                <value name="nillable">true</value>
                <value name="form_qualified">false</value>
                <value name="is_global">false</value>
              </record>
              <record javaclass="com.wm.util.Values">
                <value name="node_type">unknown</value>
                <value name="is_public">false</value>
                <value name="field_name">STATE</value>
                <value name="field_type">string</value>
                <value name="field_dim">0</value>
                <value name="nillable">true</value>
                <value name="form_qualified">false</value>
                <value name="is_global">false</value>
              </record>
              <record javaclass="com.wm.util.Values">
                <value name="node_type">unknown</value>
                <value name="is_public">false</value>
                <value name="field_name">CITY</value>
                <value name="field_type">string</value>
                <value name="field_dim">0</value>
                <value name="nillable">true</value>
                <value name="form_qualified">false</value>
                <value name="is_global">false</value>
              </record>
              <record javaclass="com.wm.util.Values">
                <value name="node_type">unknown</value>
                <value name="is_public">false</value>
                <value name="field_name">AREA</value>
                <value name="field_type">string</value>
                <value name="field_dim">0</value>
                <value name="nillable">true</value>
                <value name="form_qualified">false</value>
                <value name="is_global">false</value>
              </record>
              <record javaclass="com.wm.util.Values">
                <value name="node_type">unknown</value>
                <value name="is_public">false</value>
                <value name="field_name">CIRCLE</value>
                <value name="field_type">string</value>
                <value name="field_dim">0</value>
                <value name="nillable">true</value>
                <value name="form_qualified">false</value>
                <value name="is_global">false</value>
              </record>
              <record javaclass="com.wm.util.Values">
                <value name="node_type">unknown</value>
                <value name="is_public">false</value>
                <value name="field_name">LANE</value>
                <value name="field_type">string</value>
                <value name="field_dim">0</value>
                <value name="nillable">true</value>
                <value name="form_qualified">false</value>
                <value name="is_global">false</value>
              </record>
            </array>
            <value name="modifiable">true</value>
          </record>
        </array>
        <value name="modifiable">true</value>
      </record>
    </array>
    <value name="modifiable">true</value>
  </record>
</Values>
</MAPSOURCE>

  <!-- nodes -->

<MAPCOPY FROM="/getNotificationOutput;2;0/results;2;1/PK_WORK_ID;1;0" TO="/activeNotificationResponse;4;0;TekathonxZeron.doc:activeNotificationResponse/incidentDetails;4;1;TekathonxZeron.doc:incidentDetails/workID;1;0">
</MAPCOPY>

<MAPCOPY FROM="/getNotificationOutput;2;0/results;2;1/MSGTYPE;1;0" TO="/activeNotificationResponse;4;0;TekathonxZeron.doc:activeNotificationResponse/incidentDetails;4;1;TekathonxZeron.doc:incidentDetails/messageType;1;0">
</MAPCOPY>

<MAPCOPY FROM="/getNotificationOutput;2;0/results;2;1/MSGDESC;1;0" TO="/activeNotificationResponse;4;0;TekathonxZeron.doc:activeNotificationResponse/incidentDetails;4;1;TekathonxZeron.doc:incidentDetails/messageDescription;1;0">
</MAPCOPY>

<MAPCOPY FROM="/getNotificationOutput;2;0/results;2;1/STARTDATE;1;0" TO="/activeNotificationResponse;4;0;TekathonxZeron.doc:activeNotificationResponse/incidentDetails;4;1;TekathonxZeron.doc:incidentDetails/startDate;1;0">
</MAPCOPY>

<MAPCOPY FROM="/getNotificationOutput;2;0/results;2;1/ENDDATE;1;0" TO="/activeNotificationResponse;4;0;TekathonxZeron.doc:activeNotificationResponse/incidentDetails;4;1;TekathonxZeron.doc:incidentDetails/endDate;1;0">
</MAPCOPY>

<MAPCOPY FROM="/getNotificationOutput;2;0/results;2;1/TYPEOFWORK;1;0" TO="/activeNotificationResponse;4;0;TekathonxZeron.doc:activeNotificationResponse/incidentDetails;4;1;TekathonxZeron.doc:incidentDetails/typeOfWork;1;0">
</MAPCOPY>

<MAPCOPY FROM="/getNotificationOutput;2;0/results;2;1/STATE;1;0" TO="/activeNotificationResponse;4;0;TekathonxZeron.doc:activeNotificationResponse/incidentDetails;4;1;TekathonxZeron.doc:incidentDetails/state;1;0">
</MAPCOPY>

<MAPCOPY FROM="/getNotificationOutput;2;0/results;2;1/CITY;1;0" TO="/activeNotificationResponse;4;0;TekathonxZeron.doc:activeNotificationResponse/incidentDetails;4;1;TekathonxZeron.doc:incidentDetails/city;1;0">
</MAPCOPY>

<MAPCOPY FROM="/getNotificationOutput;2;0/results;2;1/AREA;1;0" TO="/activeNotificationResponse;4;0;TekathonxZeron.doc:activeNotificationResponse/incidentDetails;4;1;TekathonxZeron.doc:incidentDetails/area;1;0">
</MAPCOPY>

<MAPCOPY FROM="/getNotificationOutput;2;0/results;2;1/PINCODE;1;0" TO="/activeNotificationResponse;4;0;TekathonxZeron.doc:activeNotificationResponse/incidentDetails;4;1;TekathonxZeron.doc:incidentDetails/pincode;1;0">
</MAPCOPY>

<MAPCOPY FROM="/getNotificationOutput;2;0/results;2;1/CIRCLE;1;0" TO="/activeNotificationResponse;4;0;TekathonxZeron.doc:activeNotificationResponse/incidentDetails;4;1;TekathonxZeron.doc:incidentDetails/circle;1;0">
</MAPCOPY>

<MAPCOPY FROM="/getNotificationOutput;2;0/results;2;1/LANE;1;0" TO="/activeNotificationResponse;4;0;TekathonxZeron.doc:activeNotificationResponse/incidentDetails;4;1;TekathonxZeron.doc:incidentDetails/lane;1;0">
</MAPCOPY>

<MAPCOPY FROM="/getNotificationOutput;2;0/results;2;1/DIVISION;1;0" TO="/activeNotificationResponse;4;0;TekathonxZeron.doc:activeNotificationResponse/incidentDetails;4;1;TekathonxZeron.doc:incidentDetails/division;1;0">
</MAPCOPY>

<MAPCOPY FROM="/getNotificationOutput;2;0/results;2;1/LANDMARK;1;0" TO="/activeNotificationResponse;4;0;TekathonxZeron.doc:activeNotificationResponse/incidentDetails;4;1;TekathonxZeron.doc:incidentDetails/landmark;1;0">
</MAPCOPY>

<MAPCOPY FROM="/getNotificationOutput;2;0/results;2;1/WORKSTATUS;1;0" TO="/activeNotificationResponse;4;0;TekathonxZeron.doc:activeNotificationResponse/incidentDetails;4;1;TekathonxZeron.doc:incidentDetails/workStatus;1;0">
</MAPCOPY>

<MAPCOPY FROM="/getNotificationOutput;2;0/results;2;1/CREATED_BY;1;0" TO="/activeNotificationResponse;4;0;TekathonxZeron.doc:activeNotificationResponse/incidentDetails;4;1;TekathonxZeron.doc:incidentDetails/createdBy;1;0">
</MAPCOPY>

<MAPCOPY FROM="/getNotificationOutput;2;0/results;2;1/CREATEDDATE;1;0" TO="/activeNotificationResponse;4;0;TekathonxZeron.doc:activeNotificationResponse/incidentDetails;4;1;TekathonxZeron.doc:incidentDetails/createdDate;1;0">
</MAPCOPY>

<MAPCOPY FROM="/getNotificationOutput;2;0/results;2;1/UPDATEDDATE;1;0" TO="/activeNotificationResponse;4;0;TekathonxZeron.doc:activeNotificationResponse/incidentDetails;4;1;TekathonxZeron.doc:incidentDetails/lastModifiedDate;1;0">
</MAPCOPY>

<MAPDELETE FIELD="/getNotificationOutput;2;0">
</MAPDELETE>
</MAP>
</INVOKE>

<INVOKE TIMEOUT="" SERVICE="TekathonxZeron.adapters:getUserComplaint" VALIDATE-IN="$none" VALIDATE-OUT="$none">
  <COMMENT></COMMENT>

  <!-- nodes -->

<MAP MODE="INPUT">
  <MAPTARGET>

<Values version="2.0">
  <record name="xml" javaclass="com.wm.util.Values">
    <value name="node_type">record</value>
    <value name="is_public">false</value>
    <value name="field_name">getUserComplaintInput</value>
    <value name="field_type">record</value>
    <value name="field_dim">0</value>
    <value name="wrapper_type">IData</value>
    <value name="nillable">true</value>
    <value name="form_qualified">false</value>
    <value name="is_global">false</value>
    <array name="rec_fields" type="record" depth="1">
      <record javaclass="com.wm.util.Values">
        <value name="node_type">record</value>
        <value name="is_public">false</value>
        <value name="field_name">getUserComplaintInput</value>
        <value name="field_type">record</value>
        <value name="field_dim">0</value>
        <value name="wrapper_type">IData</value>
        <value name="nillable">true</value>
        <value name="form_qualified">false</value>
        <value name="is_global">false</value>
        <array name="rec_fields" type="record" depth="1">
          <record javaclass="com.wm.util.Values">
            <value name="node_type">record</value>
            <value name="is_public">false</value>
            <value name="field_name">overrideCredentials</value>
            <value name="field_type">record</value>
            <value name="field_dim">0</value>
            <value name="wrapper_type">IData</value>
            <value name="nillable">true</value>
            <value name="form_qualified">false</value>
            <value name="is_global">false</value>
            <array name="rec_fields" type="record" depth="1">
            </array>
            <value name="modifiable">true</value>
          </record>
          <record javaclass="com.wm.util.Values">
            <value name="node_type">unknown</value>
            <value name="is_public">false</value>
            <value name="field_name">AADHAAR_ID</value>
            <value name="field_type">string</value>
            <value name="field_dim">0</value>
            <value name="nillable">true</value>
            <value name="form_qualified">false</value>
            <value name="is_global">false</value>
          </record>
        </array>
        <value name="modifiable">true</value>
      </record>
      <record javaclass="com.wm.util.Values">
        <value name="node_type">record</value>
        <value name="is_public">false</value>
        <value name="field_name">$connectionName</value>
        <value name="field_type">string</value>
        <value name="field_dim">0</value>
        <value name="field_opt">true</value>
        <value name="nillable">false</value>
        <value name="form_qualified">false</value>
        <value name="is_global">false</value>
      </record>
    </array>
    <value name="modifiable">true</value>
  </record>
</Values>
</MAPTARGET>
  <MAPSOURCE>

<Values version="2.0">
  <record name="xml" javaclass="com.wm.util.Values">
    <value name="node_type">record</value>
    <value name="is_public">false</value>
    <value name="field_type">record</value>
    <value name="field_dim">0</value>
    <value name="wrapper_type">IData</value>
    <value name="nillable">true</value>
    <value name="form_qualified">false</value>
    <value name="is_global">false</value>
    <array name="rec_fields" type="record" depth="1">
      <record javaclass="com.wm.util.Values">
        <value name="node_type">record</value>
        <value name="node_comment"></value>
        <record name="node_hints" javaclass="com.wm.util.Values">
          <value name="field_largerEditor">false</value>
          <value name="field_password">false</value>
        </record>
        <value name="is_public">false</value>
        <value name="field_name">activeNotificationRequest</value>
        <value name="field_type">recref</value>
        <value name="field_dim">0</value>
        <value name="wrapper_type">IData</value>
        <value name="nillable">true</value>
        <value name="form_qualified">false</value>
        <value name="is_global">false</value>
        <value name="rec_closed">true</value>
        <value name="modifiable">true</value>
        <value name="rec_ref">TekathonxZeron.doc:activeNotificationRequest</value>
      </record>
      <record javaclass="com.wm.util.Values">
        <value name="node_type">record</value>
        <value name="is_public">false</value>
        <value name="field_name">activeNotificationResponse</value>
        <value name="field_type">recref</value>
        <value name="field_dim">0</value>
        <value name="nillable">true</value>
        <value name="form_qualified">false</value>
        <value name="is_global">false</value>
        <value name="modifiable">true</value>
        <value name="rec_ref">TekathonxZeron.doc:activeNotificationResponse</value>
      </record>
    </array>
    <value name="modifiable">true</value>
  </record>
</Values>
</MAPSOURCE>

  <!-- nodes -->

<MAPCOPY FROM="/activeNotificationRequest;4;0;TekathonxZeron.doc:activeNotificationRequest/aadharID;1;0" TO="/getUserComplaintInput;2;0/AADHAAR_ID;1;0">
</MAPCOPY>
</MAP>

<MAP MODE="OUTPUT">
  <MAPTARGET>

<Values version="2.0">
  <record name="xml" javaclass="com.wm.util.Values">
    <value name="node_type">record</value>
    <value name="is_public">false</value>
    <value name="field_type">record</value>
    <value name="field_dim">0</value>
    <value name="wrapper_type">IData</value>
    <value name="nillable">true</value>
    <value name="form_qualified">false</value>
    <value name="is_global">false</value>
    <array name="rec_fields" type="record" depth="1">
      <record javaclass="com.wm.util.Values">
        <value name="node_type">record</value>
        <value name="is_public">false</value>
        <value name="field_name">getUserComplaintInput</value>
        <value name="field_type">record</value>
        <value name="field_dim">0</value>
        <value name="wrapper_type">IData</value>
        <value name="nillable">true</value>
        <value name="form_qualified">false</value>
        <value name="is_global">false</value>
        <array name="rec_fields" type="record" depth="1">
          <record javaclass="com.wm.util.Values">
            <value name="node_type">unknown</value>
            <value name="is_public">false</value>
            <value name="field_name">AADHAAR_ID</value>
            <value name="field_type">string</value>
            <value name="field_dim">0</value>
            <value name="nillable">true</value>
            <value name="form_qualified">false</value>
            <value name="is_global">false</value>
          </record>
        </array>
        <value name="modifiable">true</value>
      </record>
      <record javaclass="com.wm.util.Values">
        <value name="node_type">record</value>
        <value name="node_comment"></value>
        <record name="node_hints" javaclass="com.wm.util.Values">
          <value name="field_largerEditor">false</value>
          <value name="field_password">false</value>
        </record>
        <value name="is_public">false</value>
        <value name="field_name">activeNotificationRequest</value>
        <value name="field_type">recref</value>
        <value name="field_dim">0</value>
        <value name="wrapper_type">IData</value>
        <value name="nillable">true</value>
        <value name="form_qualified">false</value>
        <value name="is_global">false</value>
        <value name="rec_closed">true</value>
        <value name="modifiable">true</value>
        <value name="rec_ref">TekathonxZeron.doc:activeNotificationRequest</value>
      </record>
      <record javaclass="com.wm.util.Values">
        <value name="node_type">record</value>
        <value name="is_public">false</value>
        <value name="field_name">activeNotificationResponse</value>
        <value name="field_type">recref</value>
        <value name="field_dim">0</value>
        <value name="nillable">true</value>
        <value name="form_qualified">false</value>
        <value name="is_global">false</value>
        <value name="modifiable">true</value>
        <value name="rec_ref">TekathonxZeron.doc:activeNotificationResponse</value>
      </record>
      <record javaclass="com.wm.util.Values">
        <value name="node_type">record</value>
        <value name="is_public">false</value>
        <value name="field_name">getUserComplaintOutput</value>
        <value name="field_type">record</value>
        <value name="field_dim">0</value>
        <value name="wrapper_type">IData</value>
        <value name="nillable">true</value>
        <value name="form_qualified">false</value>
        <value name="is_global">false</value>
        <array name="rec_fields" type="record" depth="1">
          <record javaclass="com.wm.util.Values">
            <value name="node_type">record</value>
            <value name="is_public">false</value>
            <value name="field_name">results</value>
            <value name="field_type">record</value>
            <value name="field_dim">1</value>
            <value name="nillable">true</value>
            <value name="form_qualified">false</value>
            <value name="is_global">false</value>
            <value name="is_soap_array_encoding_used">false</value>
            <array name="rec_fields" type="record" depth="1">
            </array>
            <value name="modifiable">true</value>
          </record>
        </array>
        <value name="modifiable">true</value>
      </record>
    </array>
    <value name="modifiable">true</value>
  </record>
</Values>
</MAPTARGET>
  <MAPSOURCE>

<Values version="2.0">
  <record name="xml" javaclass="com.wm.util.Values">
    <value name="node_type">record</value>
    <value name="is_public">false</value>
    <value name="field_name">getUserComplaintOutput</value>
    <value name="field_type">record</value>
    <value name="field_dim">0</value>
    <value name="wrapper_type">IData</value>
    <value name="nillable">true</value>
    <value name="form_qualified">false</value>
    <value name="is_global">false</value>
    <array name="rec_fields" type="record" depth="1">
      <record javaclass="com.wm.util.Values">
        <value name="node_type">record</value>
        <value name="is_public">false</value>
        <value name="field_name">getUserComplaintOutput</value>
        <value name="field_type">record</value>
        <value name="field_dim">0</value>
        <value name="wrapper_type">IData</value>
        <value name="nillable">true</value>
        <value name="form_qualified">false</value>
        <value name="is_global">false</value>
        <array name="rec_fields" type="record" depth="1">
          <record javaclass="com.wm.util.Values">
            <value name="node_type">record</value>
            <value name="is_public">false</value>
            <value name="field_name">results</value>
            <value name="field_type">record</value>
            <value name="field_dim">1</value>
            <value name="wrapper_type">IData</value>
            <value name="nillable">true</value>
            <value name="form_qualified">false</value>
            <value name="is_global">false</value>
            <value name="is_soap_array_encoding_used">false</value>
            <array name="rec_fields" type="record" depth="1">
              <record javaclass="com.wm.util.Values">
                <value name="node_type">unknown</value>
                <value name="is_public">false</value>
                <value name="field_name">COMPLAINT_ID</value>
                <value name="field_type">string</value>
                <value name="field_dim">0</value>
                <value name="nillable">true</value>
                <value name="form_qualified">false</value>
                <value name="is_global">false</value>
              </record>
              <record javaclass="com.wm.util.Values">
                <value name="node_type">unknown</value>
                <value name="is_public">false</value>
                <value name="field_name">AADHAAR_ID</value>
                <value name="field_type">string</value>
                <value name="field_dim">0</value>
                <value name="nillable">true</value>
                <value name="form_qualified">false</value>
                <value name="is_global">false</value>
              </record>
              <record javaclass="com.wm.util.Values">
                <value name="node_type">unknown</value>
                <value name="is_public">false</value>
                <value name="field_name">STATE</value>
                <value name="field_type">string</value>
                <value name="field_dim">0</value>
                <value name="nillable">true</value>
                <value name="form_qualified">false</value>
                <value name="is_global">false</value>
              </record>
              <record javaclass="com.wm.util.Values">
                <value name="node_type">unknown</value>
                <value name="is_public">false</value>
                <value name="field_name">CITY</value>
                <value name="field_type">string</value>
                <value name="field_dim">0</value>
                <value name="nillable">true</value>
                <value name="form_qualified">false</value>
                <value name="is_global">false</value>
              </record>
              <record javaclass="com.wm.util.Values">
                <value name="node_type">unknown</value>
                <value name="is_public">false</value>
                <value name="field_name">PINCODE</value>
                <value name="field_type">string</value>
                <value name="field_dim">0</value>
                <value name="nillable">true</value>
                <value name="form_qualified">false</value>
                <value name="is_global">false</value>
              </record>
              <record javaclass="com.wm.util.Values">
                <value name="node_type">unknown</value>
                <value name="is_public">false</value>
                <value name="field_name">AREA</value>
                <value name="field_type">string</value>
                <value name="field_dim">0</value>
                <value name="nillable">true</value>
                <value name="form_qualified">false</value>
                <value name="is_global">false</value>
              </record>
              <record javaclass="com.wm.util.Values">
                <value name="node_type">unknown</value>
                <value name="is_public">false</value>
                <value name="field_name">CIRCLE</value>
                <value name="field_type">string</value>
                <value name="field_dim">0</value>
                <value name="nillable">true</value>
                <value name="form_qualified">false</value>
                <value name="is_global">false</value>
              </record>
              <record javaclass="com.wm.util.Values">
                <value name="node_type">unknown</value>
                <value name="is_public">false</value>
                <value name="field_name">DIVISION</value>
                <value name="field_type">string</value>
                <value name="field_dim">0</value>
                <value name="nillable">true</value>
                <value name="form_qualified">false</value>
                <value name="is_global">false</value>
              </record>
              <record javaclass="com.wm.util.Values">
                <value name="node_type">unknown</value>
                <value name="is_public">false</value>
                <value name="field_name">LANE</value>
                <value name="field_type">string</value>
                <value name="field_dim">0</value>
                <value name="nillable">true</value>
                <value name="form_qualified">false</value>
                <value name="is_global">false</value>
              </record>
              <record javaclass="com.wm.util.Values">
                <value name="node_type">unknown</value>
                <value name="is_public">false</value>
                <value name="field_name">LANDMARK</value>
                <value name="field_type">string</value>
                <value name="field_dim">0</value>
                <value name="nillable">true</value>
                <value name="form_qualified">false</value>
                <value name="is_global">false</value>
              </record>
              <record javaclass="com.wm.util.Values">
                <value name="node_type">unknown</value>
                <value name="is_public">false</value>
                <value name="field_name">USER_REMARK</value>
                <value name="field_type">string</value>
                <value name="field_dim">0</value>
                <value name="nillable">true</value>
                <value name="form_qualified">false</value>
                <value name="is_global">false</value>
              </record>
              <record javaclass="com.wm.util.Values">
                <value name="node_type">unknown</value>
                <value name="is_public">false</value>
                <value name="field_name">CREATED_DATE</value>
                <value name="field_type">string</value>
                <value name="field_dim">0</value>
                <value name="nillable">true</value>
                <value name="form_qualified">false</value>
                <value name="is_global">false</value>
              </record>
              <record javaclass="com.wm.util.Values">
                <value name="node_type">unknown</value>
                <value name="is_public">false</value>
                <value name="field_name">MODIFIED_DATE</value>
                <value name="field_type">string</value>
                <value name="field_dim">0</value>
                <value name="nillable">true</value>
                <value name="form_qualified">false</value>
                <value name="is_global">false</value>
              </record>
              <record javaclass="com.wm.util.Values">
                <value name="node_type">unknown</value>
                <value name="is_public">false</value>
                <value name="field_name">STATUS</value>
                <value name="field_type">string</value>
                <value name="field_dim">0</value>
                <value name="nillable">true</value>
                <value name="form_qualified">false</value>
                <value name="is_global">false</value>
              </record>
              <record javaclass="com.wm.util.Values">
                <value name="node_type">unknown</value>
                <value name="is_public">false</value>
                <value name="field_name">RESPONSE</value>
                <value name="field_type">string</value>
                <value name="field_dim">0</value>
                <value name="nillable">true</value>
                <value name="form_qualified">false</value>
                <value name="is_global">false</value>
              </record>
            </array>
            <value name="modifiable">true</value>
          </record>
        </array>
        <value name="modifiable">true</value>
      </record>
    </array>
    <value name="modifiable">true</value>
  </record>
</Values>
</MAPSOURCE>

  <!-- nodes -->

<MAPDELETE FIELD="/getUserComplaintOutput;2;0">
</MAPDELETE>

<MAPCOPY FROM="/getUserComplaintOutput;2;0/results;2;1/COMPLAINT_ID;1;0" TO="/activeNotificationResponse;4;0;TekathonxZeron.doc:activeNotificationResponse/userComplaintDetails;4;1;TekathonxZeron.doc:complaintDetails/complaintReferenceNumber;1;0">
</MAPCOPY>

<MAPCOPY FROM="/getUserComplaintOutput;2;0/results;2;1/AADHAAR_ID;1;0" TO="/activeNotificationResponse;4;0;TekathonxZeron.doc:activeNotificationResponse/userComplaintDetails;4;1;TekathonxZeron.doc:complaintDetails/userAadharID;1;0">
</MAPCOPY>

<MAPCOPY FROM="/getUserComplaintOutput;2;0/results;2;1/STATE;1;0" TO="/activeNotificationResponse;4;0;TekathonxZeron.doc:activeNotificationResponse/userComplaintDetails;4;1;TekathonxZeron.doc:complaintDetails/state;1;0">
</MAPCOPY>

<MAPCOPY FROM="/getUserComplaintOutput;2;0/results;2;1/CITY;1;0" TO="/activeNotificationResponse;4;0;TekathonxZeron.doc:activeNotificationResponse/userComplaintDetails;4;1;TekathonxZeron.doc:complaintDetails/city;1;0">
</MAPCOPY>

<MAPCOPY FROM="/getUserComplaintOutput;2;0/results;2;1/PINCODE;1;0" TO="/activeNotificationResponse;4;0;TekathonxZeron.doc:activeNotificationResponse/userComplaintDetails;4;1;TekathonxZeron.doc:complaintDetails/pincode;1;0">
</MAPCOPY>

<MAPCOPY FROM="/getUserComplaintOutput;2;0/results;2;1/AREA;1;0" TO="/activeNotificationResponse;4;0;TekathonxZeron.doc:activeNotificationResponse/userComplaintDetails;4;1;TekathonxZeron.doc:complaintDetails/area;1;0">
</MAPCOPY>

<MAPCOPY FROM="/getUserComplaintOutput;2;0/results;2;1/CIRCLE;1;0" TO="/activeNotificationResponse;4;0;TekathonxZeron.doc:activeNotificationResponse/userComplaintDetails;4;1;TekathonxZeron.doc:complaintDetails/circle;1;0">
</MAPCOPY>

<MAPCOPY FROM="/getUserComplaintOutput;2;0/results;2;1/DIVISION;1;0" TO="/activeNotificationResponse;4;0;TekathonxZeron.doc:activeNotificationResponse/userComplaintDetails;4;1;TekathonxZeron.doc:complaintDetails/division;1;0">
</MAPCOPY>

<MAPCOPY FROM="/getUserComplaintOutput;2;0/results;2;1/LANE;1;0" TO="/activeNotificationResponse;4;0;TekathonxZeron.doc:activeNotificationResponse/userComplaintDetails;4;1;TekathonxZeron.doc:complaintDetails/lane;1;0">
</MAPCOPY>

<MAPCOPY FROM="/getUserComplaintOutput;2;0/results;2;1/LANDMARK;1;0" TO="/activeNotificationResponse;4;0;TekathonxZeron.doc:activeNotificationResponse/userComplaintDetails;4;1;TekathonxZeron.doc:complaintDetails/landmark;1;0">
</MAPCOPY>

<MAPCOPY FROM="/getUserComplaintOutput;2;0/results;2;1/USER_REMARK;1;0" TO="/activeNotificationResponse;4;0;TekathonxZeron.doc:activeNotificationResponse/userComplaintDetails;4;1;TekathonxZeron.doc:complaintDetails/userRemark;1;0">
</MAPCOPY>

<MAPCOPY FROM="/getUserComplaintOutput;2;0/results;2;1/CREATED_DATE;1;0" TO="/activeNotificationResponse;4;0;TekathonxZeron.doc:activeNotificationResponse/userComplaintDetails;4;1;TekathonxZeron.doc:complaintDetails/createdDate;1;0">
</MAPCOPY>

<MAPCOPY FROM="/getUserComplaintOutput;2;0/results;2;1/MODIFIED_DATE;1;0" TO="/activeNotificationResponse;4;0;TekathonxZeron.doc:activeNotificationResponse/userComplaintDetails;4;1;TekathonxZeron.doc:complaintDetails/modifiedDate;1;0">
</MAPCOPY>

<MAPCOPY FROM="/getUserComplaintOutput;2;0/results;2;1/STATUS;1;0" TO="/activeNotificationResponse;4;0;TekathonxZeron.doc:activeNotificationResponse/userComplaintDetails;4;1;TekathonxZeron.doc:complaintDetails/complaintStatus;1;0">
</MAPCOPY>

<MAPCOPY FROM="/getUserComplaintOutput;2;0/results;2;1/RESPONSE;1;0" TO="/activeNotificationResponse;4;0;TekathonxZeron.doc:activeNotificationResponse/userComplaintDetails;4;1;TekathonxZeron.doc:complaintDetails/reponse;1;0">
</MAPCOPY>

<MAPDELETE FIELD="/getUserComplaintInput;2;0">
</MAPDELETE>
</MAP>
</INVOKE>

<INVOKE TIMEOUT="" SERVICE="TekathonxZeron.adapters:getAreaNotification" VALIDATE-IN="$none" VALIDATE-OUT="$none">
  <COMMENT></COMMENT>

  <!-- nodes -->

<MAP MODE="INPUT">
  <MAPTARGET>

<Values version="2.0">
  <record name="xml" javaclass="com.wm.util.Values">
    <value name="node_type">record</value>
    <value name="is_public">false</value>
    <value name="field_name">getAreaNotificationInput</value>
    <value name="field_type">record</value>
    <value name="field_dim">0</value>
    <value name="wrapper_type">IData</value>
    <value name="nillable">true</value>
    <value name="form_qualified">false</value>
    <value name="is_global">false</value>
    <array name="rec_fields" type="record" depth="1">
      <record javaclass="com.wm.util.Values">
        <value name="node_type">record</value>
        <value name="is_public">false</value>
        <value name="field_name">getAreaNotificationInput</value>
        <value name="field_type">record</value>
        <value name="field_dim">0</value>
        <value name="wrapper_type">IData</value>
        <value name="nillable">true</value>
        <value name="form_qualified">false</value>
        <value name="is_global">false</value>
        <array name="rec_fields" type="record" depth="1">
          <record javaclass="com.wm.util.Values">
            <value name="node_type">record</value>
            <value name="is_public">false</value>
            <value name="field_name">overrideCredentials</value>
            <value name="field_type">record</value>
            <value name="field_dim">0</value>
            <value name="wrapper_type">IData</value>
            <value name="nillable">true</value>
            <value name="form_qualified">false</value>
            <value name="is_global">false</value>
            <array name="rec_fields" type="record" depth="1">
            </array>
            <value name="modifiable">true</value>
          </record>
          <record javaclass="com.wm.util.Values">
            <value name="node_type">unknown</value>
            <value name="is_public">false</value>
            <value name="field_name">AadharID</value>
            <value name="field_type">string</value>
            <value name="field_dim">0</value>
            <value name="nillable">true</value>
            <value name="form_qualified">false</value>
            <value name="is_global">false</value>
          </record>
        </array>
        <value name="modifiable">true</value>
      </record>
      <record javaclass="com.wm.util.Values">
        <value name="node_type">record</value>
        <value name="is_public">false</value>
        <value name="field_name">$connectionName</value>
        <value name="field_type">string</value>
        <value name="field_dim">0</value>
        <value name="field_opt">true</value>
        <value name="nillable">false</value>
        <value name="form_qualified">false</value>
        <value name="is_global">false</value>
      </record>
    </array>
    <value name="modifiable">true</value>
  </record>
</Values>
</MAPTARGET>
  <MAPSOURCE>

<Values version="2.0">
  <record name="xml" javaclass="com.wm.util.Values">
    <value name="node_type">record</value>
    <value name="is_public">false</value>
    <value name="field_type">record</value>
    <value name="field_dim">0</value>
    <value name="wrapper_type">IData</value>
    <value name="nillable">true</value>
    <value name="form_qualified">false</value>
    <value name="is_global">false</value>
    <array name="rec_fields" type="record" depth="1">
      <record javaclass="com.wm.util.Values">
        <value name="node_type">record</value>
        <value name="node_comment"></value>
        <record name="node_hints" javaclass="com.wm.util.Values">
          <value name="field_largerEditor">false</value>
          <value name="field_password">false</value>
        </record>
        <value name="is_public">false</value>
        <value name="field_name">activeNotificationRequest</value>
        <value name="field_type">recref</value>
        <value name="field_dim">0</value>
        <value name="wrapper_type">IData</value>
        <value name="nillable">true</value>
        <value name="form_qualified">false</value>
        <value name="is_global">false</value>
        <value name="rec_closed">true</value>
        <value name="modifiable">true</value>
        <value name="rec_ref">TekathonxZeron.doc:activeNotificationRequest</value>
      </record>
      <record javaclass="com.wm.util.Values">
        <value name="node_type">record</value>
        <value name="is_public">false</value>
        <value name="field_name">activeNotificationResponse</value>
        <value name="field_type">recref</value>
        <value name="field_dim">0</value>
        <value name="nillable">true</value>
        <value name="form_qualified">false</value>
        <value name="is_global">false</value>
        <value name="modifiable">true</value>
        <value name="rec_ref">TekathonxZeron.doc:activeNotificationResponse</value>
      </record>
    </array>
    <value name="modifiable">true</value>
  </record>
</Values>
</MAPSOURCE>

  <!-- nodes -->

<MAPCOPY FROM="/activeNotificationRequest;4;0;TekathonxZeron.doc:activeNotificationRequest/aadharID;1;0" TO="/getAreaNotificationInput;2;0/AadharID;1;0">
</MAPCOPY>
</MAP>

<MAP MODE="OUTPUT">
  <MAPTARGET>

<Values version="2.0">
  <record name="xml" javaclass="com.wm.util.Values">
    <value name="node_type">record</value>
    <value name="is_public">false</value>
    <value name="field_type">record</value>
    <value name="field_dim">0</value>
    <value name="wrapper_type">IData</value>
    <value name="nillable">true</value>
    <value name="form_qualified">false</value>
    <value name="is_global">false</value>
    <array name="rec_fields" type="record" depth="1">
      <record javaclass="com.wm.util.Values">
        <value name="node_type">record</value>
        <value name="is_public">false</value>
        <value name="field_name">getAreaNotificationInput</value>
        <value name="field_type">record</value>
        <value name="field_dim">0</value>
        <value name="wrapper_type">IData</value>
        <value name="nillable">true</value>
        <value name="form_qualified">false</value>
        <value name="is_global">false</value>
        <array name="rec_fields" type="record" depth="1">
        </array>
        <value name="modifiable">true</value>
      </record>
      <record javaclass="com.wm.util.Values">
        <value name="node_type">record</value>
        <value name="node_comment"></value>
        <record name="node_hints" javaclass="com.wm.util.Values">
          <value name="field_largerEditor">false</value>
          <value name="field_password">false</value>
        </record>
        <value name="is_public">false</value>
        <value name="field_name">activeNotificationRequest</value>
        <value name="field_type">recref</value>
        <value name="field_dim">0</value>
        <value name="wrapper_type">IData</value>
        <value name="nillable">true</value>
        <value name="form_qualified">false</value>
        <value name="is_global">false</value>
        <value name="rec_closed">true</value>
        <value name="modifiable">true</value>
        <value name="rec_ref">TekathonxZeron.doc:activeNotificationRequest</value>
      </record>
      <record javaclass="com.wm.util.Values">
        <value name="node_type">record</value>
        <value name="is_public">false</value>
        <value name="field_name">activeNotificationResponse</value>
        <value name="field_type">recref</value>
        <value name="field_dim">0</value>
        <value name="nillable">true</value>
        <value name="form_qualified">false</value>
        <value name="is_global">false</value>
        <value name="modifiable">true</value>
        <value name="rec_ref">TekathonxZeron.doc:activeNotificationResponse</value>
      </record>
      <record javaclass="com.wm.util.Values">
        <value name="node_type">record</value>
        <value name="is_public">false</value>
        <value name="field_name">getAreaNotificationOutput</value>
        <value name="field_type">record</value>
        <value name="field_dim">0</value>
        <value name="wrapper_type">IData</value>
        <value name="nillable">true</value>
        <value name="form_qualified">false</value>
        <value name="is_global">false</value>
        <array name="rec_fields" type="record" depth="1">
          <record javaclass="com.wm.util.Values">
            <value name="node_type">record</value>
            <value name="is_public">false</value>
            <value name="field_name">results</value>
            <value name="field_type">record</value>
            <value name="field_dim">1</value>
            <value name="nillable">true</value>
            <value name="form_qualified">false</value>
            <value name="is_global">false</value>
            <value name="is_soap_array_encoding_used">false</value>
            <array name="rec_fields" type="record" depth="1">
            </array>
            <value name="modifiable">true</value>
          </record>
        </array>
        <value name="modifiable">true</value>
      </record>
    </array>
    <value name="modifiable">true</value>
  </record>
</Values>
</MAPTARGET>
  <MAPSOURCE>

<Values version="2.0">
  <record name="xml" javaclass="com.wm.util.Values">
    <value name="node_type">record</value>
    <value name="is_public">false</value>
    <value name="field_name">getAreaNotificationOutput</value>
    <value name="field_type">record</value>
    <value name="field_dim">0</value>
    <value name="wrapper_type">IData</value>
    <value name="nillable">true</value>
    <value name="form_qualified">false</value>
    <value name="is_global">false</value>
    <array name="rec_fields" type="record" depth="1">
      <record javaclass="com.wm.util.Values">
        <value name="node_type">record</value>
        <value name="is_public">false</value>
        <value name="field_name">getAreaNotificationOutput</value>
        <value name="field_type">record</value>
        <value name="field_dim">0</value>
        <value name="wrapper_type">IData</value>
        <value name="nillable">true</value>
        <value name="form_qualified">false</value>
        <value name="is_global">false</value>
        <array name="rec_fields" type="record" depth="1">
          <record javaclass="com.wm.util.Values">
            <value name="node_type">record</value>
            <value name="is_public">false</value>
            <value name="field_name">results</value>
            <value name="field_type">record</value>
            <value name="field_dim">1</value>
            <value name="wrapper_type">IData</value>
            <value name="nillable">true</value>
            <value name="form_qualified">false</value>
            <value name="is_global">false</value>
            <value name="is_soap_array_encoding_used">false</value>
            <array name="rec_fields" type="record" depth="1">
              <record javaclass="com.wm.util.Values">
                <value name="node_type">unknown</value>
                <value name="is_public">false</value>
                <value name="field_name">PK_WORK_ID</value>
                <value name="field_type">string</value>
                <value name="field_dim">0</value>
                <value name="nillable">true</value>
                <value name="form_qualified">false</value>
                <value name="is_global">false</value>
              </record>
              <record javaclass="com.wm.util.Values">
                <value name="node_type">unknown</value>
                <value name="is_public">false</value>
                <value name="field_name">MSGTYPE</value>
                <value name="field_type">string</value>
                <value name="field_dim">0</value>
                <value name="nillable">true</value>
                <value name="form_qualified">false</value>
                <value name="is_global">false</value>
              </record>
              <record javaclass="com.wm.util.Values">
                <value name="node_type">unknown</value>
                <value name="is_public">false</value>
                <value name="field_name">MSGDESC</value>
                <value name="field_type">string</value>
                <value name="field_dim">0</value>
                <value name="nillable">true</value>
                <value name="form_qualified">false</value>
                <value name="is_global">false</value>
              </record>
              <record javaclass="com.wm.util.Values">
                <value name="node_type">unknown</value>
                <value name="is_public">false</value>
                <value name="field_name">STARTDATE</value>
                <value name="field_type">string</value>
                <value name="field_dim">0</value>
                <value name="nillable">true</value>
                <value name="form_qualified">false</value>
                <value name="is_global">false</value>
              </record>
              <record javaclass="com.wm.util.Values">
                <value name="node_type">unknown</value>
                <value name="is_public">false</value>
                <value name="field_name">ENDDATE</value>
                <value name="field_type">string</value>
                <value name="field_dim">0</value>
                <value name="nillable">true</value>
                <value name="form_qualified">false</value>
                <value name="is_global">false</value>
              </record>
              <record javaclass="com.wm.util.Values">
                <value name="node_type">unknown</value>
                <value name="is_public">false</value>
                <value name="field_name">TYPEOFWORK</value>
                <value name="field_type">string</value>
                <value name="field_dim">0</value>
                <value name="nillable">true</value>
                <value name="form_qualified">false</value>
                <value name="is_global">false</value>
              </record>
              <record javaclass="com.wm.util.Values">
                <value name="node_type">unknown</value>
                <value name="is_public">false</value>
                <value name="field_name">LANDMARK</value>
                <value name="field_type">string</value>
                <value name="field_dim">0</value>
                <value name="nillable">true</value>
                <value name="form_qualified">false</value>
                <value name="is_global">false</value>
              </record>
              <record javaclass="com.wm.util.Values">
                <value name="node_type">unknown</value>
                <value name="is_public">false</value>
                <value name="field_name">WORKSTATUS</value>
                <value name="field_type">string</value>
                <value name="field_dim">0</value>
                <value name="nillable">true</value>
                <value name="form_qualified">false</value>
                <value name="is_global">false</value>
              </record>
              <record javaclass="com.wm.util.Values">
                <value name="node_type">unknown</value>
                <value name="is_public">false</value>
                <value name="field_name">CREATED_BY</value>
                <value name="field_type">string</value>
                <value name="field_dim">0</value>
                <value name="nillable">true</value>
                <value name="form_qualified">false</value>
                <value name="is_global">false</value>
              </record>
              <record javaclass="com.wm.util.Values">
                <value name="node_type">unknown</value>
                <value name="is_public">false</value>
                <value name="field_name">CREATEDDATE</value>
                <value name="field_type">string</value>
                <value name="field_dim">0</value>
                <value name="nillable">true</value>
                <value name="form_qualified">false</value>
                <value name="is_global">false</value>
              </record>
              <record javaclass="com.wm.util.Values">
                <value name="node_type">unknown</value>
                <value name="is_public">false</value>
                <value name="field_name">UPDATEDDATE</value>
                <value name="field_type">string</value>
                <value name="field_dim">0</value>
                <value name="nillable">true</value>
                <value name="form_qualified">false</value>
                <value name="is_global">false</value>
              </record>
              <record javaclass="com.wm.util.Values">
                <value name="node_type">unknown</value>
                <value name="is_public">false</value>
                <value name="field_name">PINCODE</value>
                <value name="field_type">string</value>
                <value name="field_dim">0</value>
                <value name="nillable">true</value>
                <value name="form_qualified">false</value>
                <value name="is_global">false</value>
              </record>
              <record javaclass="com.wm.util.Values">
                <value name="node_type">unknown</value>
                <value name="is_public">false</value>
                <value name="field_name">DIVISION</value>
                <value name="field_type">string</value>
                <value name="field_dim">0</value>
                <value name="nillable">true</value>
                <value name="form_qualified">false</value>
                <value name="is_global">false</value>
              </record>
              <record javaclass="com.wm.util.Values">
                <value name="node_type">unknown</value>
                <value name="is_public">false</value>
                <value name="field_name">STATE</value>
                <value name="field_type">string</value>
                <value name="field_dim">0</value>
                <value name="nillable">true</value>
                <value name="form_qualified">false</value>
                <value name="is_global">false</value>
              </record>
              <record javaclass="com.wm.util.Values">
                <value name="node_type">unknown</value>
                <value name="is_public">false</value>
                <value name="field_name">CITY</value>
                <value name="field_type">string</value>
                <value name="field_dim">0</value>
                <value name="nillable">true</value>
                <value name="form_qualified">false</value>
                <value name="is_global">false</value>
              </record>
              <record javaclass="com.wm.util.Values">
                <value name="node_type">unknown</value>
                <value name="is_public">false</value>
                <value name="field_name">AREA</value>
                <value name="field_type">string</value>
                <value name="field_dim">0</value>
                <value name="nillable">true</value>
                <value name="form_qualified">false</value>
                <value name="is_global">false</value>
              </record>
              <record javaclass="com.wm.util.Values">
                <value name="node_type">unknown</value>
                <value name="is_public">false</value>
                <value name="field_name">CIRCLE</value>
                <value name="field_type">string</value>
                <value name="field_dim">0</value>
                <value name="nillable">true</value>
                <value name="form_qualified">false</value>
                <value name="is_global">false</value>
              </record>
              <record javaclass="com.wm.util.Values">
                <value name="node_type">unknown</value>
                <value name="is_public">false</value>
                <value name="field_name">LANE</value>
                <value name="field_type">string</value>
                <value name="field_dim">0</value>
                <value name="nillable">true</value>
                <value name="form_qualified">false</value>
                <value name="is_global">false</value>
              </record>
            </array>
            <value name="modifiable">true</value>
          </record>
        </array>
        <value name="modifiable">true</value>
      </record>
    </array>
    <value name="modifiable">true</value>
  </record>
</Values>
</MAPSOURCE>

  <!-- nodes -->

<MAPCOPY FROM="/getAreaNotificationOutput;2;0/results;2;1/PK_WORK_ID;1;0" TO="/activeNotificationResponse;4;0;TekathonxZeron.doc:activeNotificationResponse/areaIncidentDetails;4;1;TekathonxZeron.doc:incidentDetails/workID;1;0">
</MAPCOPY>

<MAPCOPY FROM="/getAreaNotificationOutput;2;0/results;2;1/MSGTYPE;1;0" TO="/activeNotificationResponse;4;0;TekathonxZeron.doc:activeNotificationResponse/areaIncidentDetails;4;1;TekathonxZeron.doc:incidentDetails/messageType;1;0">
</MAPCOPY>

<MAPCOPY FROM="/getAreaNotificationOutput;2;0/results;2;1/MSGDESC;1;0" TO="/activeNotificationResponse;4;0;TekathonxZeron.doc:activeNotificationResponse/areaIncidentDetails;4;1;TekathonxZeron.doc:incidentDetails/messageDescription;1;0">
</MAPCOPY>

<MAPCOPY FROM="/getAreaNotificationOutput;2;0/results;2;1/STARTDATE;1;0" TO="/activeNotificationResponse;4;0;TekathonxZeron.doc:activeNotificationResponse/areaIncidentDetails;4;1;TekathonxZeron.doc:incidentDetails/startDate;1;0">
</MAPCOPY>

<MAPCOPY FROM="/getAreaNotificationOutput;2;0/results;2;1/ENDDATE;1;0" TO="/activeNotificationResponse;4;0;TekathonxZeron.doc:activeNotificationResponse/areaIncidentDetails;4;1;TekathonxZeron.doc:incidentDetails/endDate;1;0">
</MAPCOPY>

<MAPCOPY FROM="/getAreaNotificationOutput;2;0/results;2;1/TYPEOFWORK;1;0" TO="/activeNotificationResponse;4;0;TekathonxZeron.doc:activeNotificationResponse/areaIncidentDetails;4;1;TekathonxZeron.doc:incidentDetails/typeOfWork;1;0">
</MAPCOPY>

<MAPCOPY FROM="/getAreaNotificationOutput;2;0/results;2;1/LANDMARK;1;0" TO="/activeNotificationResponse;4;0;TekathonxZeron.doc:activeNotificationResponse/areaIncidentDetails;4;1;TekathonxZeron.doc:incidentDetails/landmark;1;0">
</MAPCOPY>

<MAPCOPY FROM="/getAreaNotificationOutput;2;0/results;2;1/STATE;1;0" TO="/activeNotificationResponse;4;0;TekathonxZeron.doc:activeNotificationResponse/areaIncidentDetails;4;1;TekathonxZeron.doc:incidentDetails/state;1;0">
</MAPCOPY>

<MAPCOPY FROM="/getAreaNotificationOutput;2;0/results;2;1/WORKSTATUS;1;0" TO="/activeNotificationResponse;4;0;TekathonxZeron.doc:activeNotificationResponse/areaIncidentDetails;4;1;TekathonxZeron.doc:incidentDetails/workStatus;1;0">
</MAPCOPY>

<MAPCOPY FROM="/getAreaNotificationOutput;2;0/results;2;1/CITY;1;0" TO="/activeNotificationResponse;4;0;TekathonxZeron.doc:activeNotificationResponse/areaIncidentDetails;4;1;TekathonxZeron.doc:incidentDetails/city;1;0">
</MAPCOPY>

<MAPCOPY FROM="/getAreaNotificationOutput;2;0/results;2;1/AREA;1;0" TO="/activeNotificationResponse;4;0;TekathonxZeron.doc:activeNotificationResponse/areaIncidentDetails;4;1;TekathonxZeron.doc:incidentDetails/area;1;0">
</MAPCOPY>

<MAPCOPY FROM="/getAreaNotificationOutput;2;0/results;2;1/PINCODE;1;0" TO="/activeNotificationResponse;4;0;TekathonxZeron.doc:activeNotificationResponse/areaIncidentDetails;4;1;TekathonxZeron.doc:incidentDetails/pincode;1;0">
</MAPCOPY>

<MAPCOPY FROM="/getAreaNotificationOutput;2;0/results;2;1/CIRCLE;1;0" TO="/activeNotificationResponse;4;0;TekathonxZeron.doc:activeNotificationResponse/areaIncidentDetails;4;1;TekathonxZeron.doc:incidentDetails/circle;1;0">
</MAPCOPY>

<MAPCOPY FROM="/getAreaNotificationOutput;2;0/results;2;1/DIVISION;1;0" TO="/activeNotificationResponse;4;0;TekathonxZeron.doc:activeNotificationResponse/areaIncidentDetails;4;1;TekathonxZeron.doc:incidentDetails/division;1;0">
</MAPCOPY>

<MAPCOPY FROM="/getAreaNotificationOutput;2;0/results;2;1/LANE;1;0" TO="/activeNotificationResponse;4;0;TekathonxZeron.doc:activeNotificationResponse/areaIncidentDetails;4;1;TekathonxZeron.doc:incidentDetails/lane;1;0">
</MAPCOPY>

<MAPCOPY FROM="/getAreaNotificationOutput;2;0/results;2;1/CREATEDDATE;1;0" TO="/activeNotificationResponse;4;0;TekathonxZeron.doc:activeNotificationResponse/areaIncidentDetails;4;1;TekathonxZeron.doc:incidentDetails/createdDate;1;0">
</MAPCOPY>

<MAPCOPY FROM="/getAreaNotificationOutput;2;0/results;2;1/UPDATEDDATE;1;0" TO="/activeNotificationResponse;4;0;TekathonxZeron.doc:activeNotificationResponse/areaIncidentDetails;4;1;TekathonxZeron.doc:incidentDetails/lastModifiedDate;1;0">
</MAPCOPY>

<MAPCOPY FROM="/getAreaNotificationOutput;2;0/results;2;1/CREATED_BY;1;0" TO="/activeNotificationResponse;4;0;TekathonxZeron.doc:activeNotificationResponse/areaIncidentDetails;4;1;TekathonxZeron.doc:incidentDetails/createdBy;1;0">
</MAPCOPY>

<MAPDELETE FIELD="/getAreaNotificationOutput;2;0">
</MAPDELETE>

<MAPDELETE FIELD="/getAreaNotificationInput;2;0">
</MAPDELETE>
</MAP>
</INVOKE>
</FLOW>
